<?xml version="1.0" encoding="UTF-8"?>
<project-private xmlns="http://www.netbeans.org/ns/project-private/1">
    <editor-bookmarks xmlns="http://www.netbeans.org/ns/editor-bookmarks/2" lastBookmarkId="35">
        <file>
            <url>src/bombbot/MiniMaxEnigine.java</url>
            <bookmark id="34">
                <name/>
                <line>314</line>
                <key/>
            </bookmark>
            <bookmark id="35">
                <name/>
                <line>616</line>
                <key/>
            </bookmark>
        </file>
    </editor-bookmarks>
</project-private>
